suite,implementation,batch,hidden_dimension,dtype,threadgroup_size,vector_width,accumulation,median_us,min_us,max_us,max_abs_error,mean_abs_error
threadgroups,parallel,128,256,float16,32,,fp32,231.968,224.241,242.890,,
threadgroups,optimized,128,256,float16,32,4,fp32,212.739,199.254,221.193,,
threadgroups,parallel,128,256,float16,64,,fp32,216.917,211.355,218.251,,
threadgroups,optimized,128,256,float16,64,4,fp32,207.020,203.665,216.714,,
threadgroups,parallel,128,256,float16,128,,fp32,215.698,207.785,220.749,,
threadgroups,optimized,128,256,float16,128,4,fp32,202.212,191.656,204.748,,
threadgroups,parallel,128,256,float16,256,,fp32,215.057,203.142,218.234,,
threadgroups,optimized,128,256,float16,256,4,fp32,206.324,198.706,207.011,,
threadgroups,parallel,128,256,float16,512,,fp32,227.220,188.499,227.895,,
threadgroups,optimized,128,256,float16,512,4,fp32,218.513,208.085,221.533,,
threadgroups,parallel,128,512,float16,32,,fp32,227.711,212.121,228.682,,
threadgroups,optimized,128,512,float16,32,4,fp32,227.486,220.160,236.955,,
threadgroups,parallel,128,512,float16,64,,fp32,227.978,227.572,228.119,,
threadgroups,optimized,128,512,float16,64,4,fp32,227.109,223.074,240.247,,
threadgroups,parallel,128,512,float16,128,,fp32,226.686,214.932,238.457,,
threadgroups,optimized,128,512,float16,128,4,fp32,210.016,188.126,231.039,,
threadgroups,parallel,128,512,float16,256,,fp32,224.716,213.313,227.977,,
threadgroups,optimized,128,512,float16,256,4,fp32,212.346,204.786,219.851,,
threadgroups,parallel,128,512,float16,512,,fp32,227.716,225.894,232.192,,
threadgroups,optimized,128,512,float16,512,4,fp32,217.881,208.979,238.319,,
threadgroups,parallel,128,1024,float16,32,,fp32,256.126,229.882,279.823,,
threadgroups,optimized,128,1024,float16,32,4,fp32,228.894,226.687,232.080,,
threadgroups,parallel,128,1024,float16,64,,fp32,237.446,231.199,284.006,,
threadgroups,optimized,128,1024,float16,64,4,fp32,237.208,219.189,243.801,,
threadgroups,parallel,128,1024,float16,128,,fp32,229.246,226.485,231.202,,
threadgroups,optimized,128,1024,float16,128,4,fp32,224.220,217.998,229.101,,
threadgroups,parallel,128,1024,float16,256,,fp32,228.846,219.840,231.285,,
threadgroups,optimized,128,1024,float16,256,4,fp32,238.971,213.230,251.381,,
threadgroups,parallel,128,1024,float16,512,,fp32,224.013,218.052,342.869,,
threadgroups,optimized,128,1024,float16,512,4,fp32,223.914,217.940,226.118,,
threadgroups,parallel,128,2048,float16,32,,fp32,258.483,255.788,277.142,,
threadgroups,optimized,128,2048,float16,32,4,fp32,255.508,228.846,270.796,,
threadgroups,parallel,128,2048,float16,64,,fp32,270.331,232.202,276.962,,
threadgroups,optimized,128,2048,float16,64,4,fp32,227.882,221.626,253.142,,
threadgroups,parallel,128,2048,float16,128,,fp32,234.542,230.669,238.406,,
threadgroups,optimized,128,2048,float16,128,4,fp32,233.039,220.264,245.886,,
threadgroups,parallel,128,2048,float16,256,,fp32,226.956,225.696,230.705,,
threadgroups,optimized,128,2048,float16,256,4,fp32,227.012,222.846,253.687,,
threadgroups,parallel,128,2048,float16,512,,fp32,230.487,228.477,253.387,,
threadgroups,optimized,128,2048,float16,512,4,fp32,228.066,228.044,228.828,,
threadgroups,parallel,128,4096,float16,32,,fp32,309.816,296.860,319.769,,
threadgroups,optimized,128,4096,float16,32,4,fp32,245.044,242.525,254.453,,
threadgroups,parallel,128,4096,float16,64,,fp32,282.440,266.813,291.627,,
threadgroups,optimized,128,4096,float16,64,4,fp32,271.202,231.675,281.335,,
threadgroups,parallel,128,4096,float16,128,,fp32,240.438,234.583,245.771,,
threadgroups,optimized,128,4096,float16,128,4,fp32,236.962,229.627,270.205,,
threadgroups,parallel,128,4096,float16,256,,fp32,258.417,233.001,266.314,,
threadgroups,optimized,128,4096,float16,256,4,fp32,238.878,227.665,267.730,,
threadgroups,parallel,128,4096,float16,512,,fp32,259.247,232.074,266.315,,
threadgroups,optimized,128,4096,float16,512,4,fp32,261.996,230.508,264.361,,
threadgroups,parallel,128,8192,float16,32,,fp32,360.430,359.632,374.886,,
threadgroups,optimized,128,8192,float16,32,4,fp32,296.478,271.830,353.974,,
threadgroups,parallel,128,8192,float16,64,,fp32,321.629,301.173,340.040,,
threadgroups,optimized,128,8192,float16,64,4,fp32,251.540,228.699,268.034,,
threadgroups,parallel,128,8192,float16,128,,fp32,297.828,267.629,328.643,,
threadgroups,optimized,128,8192,float16,128,4,fp32,253.374,246.310,279.359,,
threadgroups,parallel,128,8192,float16,256,,fp32,264.889,251.335,278.679,,
threadgroups,optimized,128,8192,float16,256,4,fp32,253.950,244.216,276.285,,
threadgroups,parallel,128,8192,float16,512,,fp32,258.544,250.965,291.966,,
threadgroups,optimized,128,8192,float16,512,4,fp32,249.479,244.461,267.688,,
